Workbook

Sheet Sheet5
A3: Row Labels | B3: Count of Patient Name
A4: P001 | B4: 1
A5: Male | B5: 1
A6: P002 | B6: 1
A7: Female | B7: 1
A8: P003 | B8: 1
A9: male | B9: 1
A10: P004 | B10: 1
A11: Female | B11: 1
A12: P005 | B12: 1
A13: Male | B13: 1
A14: P006 | B14: 1
A15: Female | B15: 1
... A24: Grand Total | B24: 10

Sheet Hospital Data
A1: HOSPITAL MANAGEMENT SYSTEM - PATIENT RECORD & BILLING
A2: Patient ID | B2: Patient Name | C2: Gender | D2: Department | E2: Age | F2: Days Admitted | G2: Daily Charge | H2: Medicine Cost | I2: Test Cost | J2: Total Cost | K2: Discount | L2: Final Bill | M2: Status | N2: Payment
A3: P001 | B3: Ali Khan | C3: Male | D3: Cardiology | E3: 32 | F3: 3 | G3: 12000 | H3: 3500 | I3: 2500 | J3: =F3*G3+H3+I3 -> 42000 | K3: 1000 | L3: =J3-K3 -> 41000 | M3: Under Treatment | N3: Paid
A4: P002 | B4: Sara Ahmed | C4: Female | D4: Neurology | E4: 45 | F4: 5 | G4: 15000 | H4: 5000 | I4: 4200 | J4: =F4*G4+H4+I4 -> 84200 | K4: 2000 | L4: =J4-K4 -> 82200 | M4: Waiting | N4: Pending
A5: P003 | B5: Hamza Ali | C5: male | D5: Orthopedics | E5: 28 | F5: 2 | G5: 10000 | H5: 2500 | I5: 1800 | J5: =F5*G5+H5+I5 -> 24300 | K5: 500 | L5: =J5-K5 -> 23800 | M5: Under Treatment | N5: Paid
A6: P004 | B6: Ayesha Noor | C6: Female | D6: Pediatrics | E6: 12 | F6: 4 | G6: 8000 | H6: 1800 | I6: 1200 | J6: =F6*G6+H6+I6 -> 35000 | K6: 0 | L6: =J6-K6 -> 35000 | M6: Discharge | N6: Paid
A7: P005 | B7: Bilal Hussain | C7: Male | D7: General Medicine | E7: 55 | F7: 6 | G7: 11000 | H7: 6000 | I7: 3500 | J7: =F7*G7+H7+I7 -> 75500 | K7: 1500 | L7: =J7-K7 -> 74000 | M7: Waiting | N7: Pending
A8: P006 | B8: Hina Fatima | C8: Female | D8: Cardiology | E8: 39 | F8: 3 | G8: 14000 | H8: 3200 | I8: 2700 | J8: =F8*G8+H8+I8 -> 47900 | K8: 700 | L8: =J8-K8 -> 47200 | M8: Discharge | N8: Paid
A9: P007 | B9: Usman Raza | C9: Male | D9: Neurology | E9: 61 | F9: 7 | G9: 16000 | H9: 7500 | I9: 5100 | J9: =F9*G9+H9+I9 -> 124600 | K9: 2500 | L9: =J9-K9 -> 122100 | M9: Waiting | N9: Pending
A10: P008 | B10: Zainab Malik | C10: Female | D10: Pediatrics | E10: 9 | F10: 2 | G10: 7000 | H10: 1200 | I10: 900 | J10: =F10*G10+H10+I10 -> 16100 | K10: 0 | L10: =J10-K10 -> 16100 | M10: Under Treatment | N10: Paid
A11: P009 | B11: Ahmed Raza | C11: Male | D11: Orthopedics | E11: 36 | F11: 4 | G11: 13000 | H11: 4100 | I11: 3000 | J11: =F11*G11+H11+I11 -> 59100 | K11: 1200 | L11: =J11-K11 -> 57900 | M11: Waiting | N11: Pending
A12: P010 | B12: Maryam Noor | C12: Female | D12: General Medicine | E12: 48 | F12: 5 | G12: 11500 | H12: 4800 | I12: 3200 | J12: =F12*G12+H12+I12 -> 65500 | K12: 1000 | L12: =J12-K12 -> 64500 | M12: Discharge | N12: Paid
A14: CALCULATION | B14: PAYMENT | C14: STATUS
A15: Ali Khan | B15: =VLOOKUP(A3,A2:N12,14,) -> Paid | C15: =VLOOKUP(A3,A3:N12,13,) -> Under Treatment
A16: Sara Ahmed | B16: =VLOOKUP(A4,A3:N13,14,) -> Pending | C16: =VLOOKUP(A4,A4:N13,13,) -> Waiting
A17: Hamza Ali | B17: =VLOOKUP(A5,A4:N14,14,) -> Paid | C17: =VLOOKUP(A5,A5:N14,13,) -> Under Treatment
A18: Ayesha Noor | B18: =VLOOKUP(A6,A5:N15,14,) -> Paid | C18: =VLOOKUP(A6,A6:N15,13,) -> Discharge
A19: Bilal Hussain | B19: =VLOOKUP(A7,A6:N16,14,) -> Pending | C19: =VLOOKUP(A7,A7:N16,13,) -> Waiting
A20: Hina Fatima | B20: =VLOOKUP(A8,A7:N17,14,) -> Paid | C20: =VLOOKUP(A8,A8:N17,13,) -> Discharge
A21: Usman Raza | B21: =VLOOKUP(A9,A8:N18,14,) -> Pending | C21: =VLOOKUP(A9,A9:N18,13,) -> Waiting
A22: Zainab Malik | B22: =VLOOKUP(A10,A9:N19,14,) -> Paid | C22: =VLOOKUP(A10,A10:N19,13,) -> Under Treatment
A23: Ahmed Raza | B23: =VLOOKUP(A11,A10:N20,14,) -> Pending | C23: =VLOOKUP(A11,A11:N20,13,) -> Waiting
A24: Maryam Noor | B24: =VLOOKUP(A12,A11:N21,14,) -> Paid | C24: =VLOOKUP(A12,A12:N21,13,) -> Discharge

Sheet Formula Summary
A1: HOSPITAL FORMULA SUMMARY
A2: Calculation | B2: Result
A3: MIN Age | B3: =MIN('Hospital Data'!E3:E12) -> 9
A4: MAX Age | B4: =MAX('Hospital Data'!E3:E12) -> 61
A5: AVERAGE Age | B5: =AVERAGE('Hospital Data'!E3:E12) -> 36.5
A6: COUNT Patients | B6: =COUNT('Hospital Data'!E3:E12) -> 10
A7: COUNTIF Paid | B7: =COUNTIF('Hospital Data'!N3:N12,"Paid") -> 6
A8: COUNTIF Pending | B8: =COUNTIF('Hospital Data'!N3:N12,"Pending") -> 4
A9: SUM Final Bills | B9: =SUM('Hospital Data'!L3:L12) -> 563800
A10: SUMIF Paid Bills | B10: =SUMIF('Hospital Data'!N3:N12,"Paid",'Hospital Data'!L3:L12) -> 227600
A11: AVERAGE Final Bill | B11: =AVERAGE('Hospital Data'!L3:L12) -> 56380
A12: MAX Final Bill | B12: =MAX('Hospital Data'!L3:L12) -> 122100
A13: MIN Final Bill | B13: =MIN('Hospital Data'!L3:L12) -> 16100
A14: COUNTA TOTAL PATIENTS | B14: =COUNTA('Formula Summary'!B3:B12) -> 10

Sheet Pivot Table
A1: HOSPITAL DEPARTMENT PIVOT TABLE
A2: Department | B2: Patient Count | C2: Total Bill | D2: Average Bill
A3: Cardiology | B3: =COUNTIF('Hospital Data'!D3:D12,A3) -> 2 | C3: =SUMIF('Hospital Data'!D3:D12,A3,'Hospital Data'!L3:L12) -> 88200 | D3: =AVERAGEIF('Hospital Data'!D3:D12,A3,'Hospital Data'!L3:L12) -> 44100
A4: Neurology | B4: =COUNTIF('Hospital Data'!D3:D12,A4) -> 2 | C4: =SUMIF('Hospital Data'!D3:D12,A4,'Hospital Data'!L3:L12) -> 204300 | D4: =AVERAGEIF('Hospital Data'!D3:D12,A4,'Hospital Data'!L3:L12) -> 102150
A5: Orthopedics | B5: =COUNTIF('Hospital Data'!D3:D12,A5) -> 2 | C5: =SUMIF('Hospital Data'!D3:D12,A5,'Hospital Data'!L3:L12) -> 81700 | D5: =AVERAGEIF('Hospital Data'!D3:D12,A5,'Hospital Data'!L3:L12) -> 40850
A6: Pediatrics | B6: =COUNTIF('Hospital Data'!D3:D12,A6) -> 2 | C6: =SUMIF('Hospital Data'!D3:D12,A6,'Hospital Data'!L3:L12) -> 51100 | D6: =AVERAGEIF('Hospital Data'!D3:D12,A6,'Hospital Data'!L3:L12) -> 25550
A7: General Medicine | B7: =COUNTIF('Hospital Data'!D3:D12,A7) -> 2 | C7: =SUMIF('Hospital Data'!D3:D12,A7,'Hospital Data'!L3:L12) -> 138500 | D7: =AVERAGEIF('Hospital Data'!D3:D12,A7,'Hospital Data'!L3:L12) -> 69250
